,SummonerName,GamesPlayed,AvgGameTime,WinRate,AvgKills,AvgDeaths,AvgAssists,AvgTowers,AvgInhibs,AvgBarons,AvgDrags,AvgVisionScore,AvgDamageDealt,FirstTowerRate,AvgCS,FirstBloodRate,AvgGoldEarned,AvgDamageTaken,AvgKillGold,AvgAssistGold,AvgTowerGold,AvgInhibGold,AvgDragGold,AvgHeraldGold,AvgBaronGold,AvgCSGold,AvgKillGoldDiff,AvgAssistGoldDiff,AvgTowerGoldDiff,AvgInhibGoldDiff,AvgDragGoldDiff,AvgHeraldGoldDiff,AvgCSGoldDiff,AvgTotalGoldDiff,AvgDamageDealtDiff,AvgVisionDiff,AvgCSDiff,AvgCSPerMin,AvgPowerScore
0,Shiphtur,482,28.102662517289072,47.72%,6.529045643153527,4.261410788381743,6.228215767634855,0.7987551867219918,0.11410788381742738,0.5228215767634855,1.2178423236514522,24.67427385892116,148542.2510373444,0.06%,189.16804979253112,0.11%,11549.298755186723,17830.5,1895.1970954356846,412.9552213001383,275.8558091286307,5.7053941908713695,8.661825726141078,1.2448132780082988,156.84647302904565,8792.832123098204,331.5331950207469,-40.65024204702628,-44.83921161825725,-1.4522821576763485,0.4149377593360996,-0.4149377593360996,-282.62257952973715,-43.63278008298755,-15343.558091286308,-2.0580912863070537,-8.006224066390041,6.755332662788402,-1.8149151881211114
1,Piggy Kitten,463,27.894024478041757,54.64%,6.069114470842333,4.151187904967602,6.8034557235421165,0.6997840172786177,0.15550755939524838,0.5269978401727862,1.4038876889848813,28.060475161987043,184918.69330453564,0.05%,205.02591792656588,0.09%,11804.060475161987,17854.656587473,1754.842332613391,471.9181065514759,280.69654427645787,7.775377969762419,8.96328293736501,1.079913606911447,157.451403887689,9121.333513318934,261.4773218142549,24.774478041756666,19.71742260619151,0.755939524838013,0.9719222462203023,-0.8639308855291576,194.05885529157666,515.1468682505399,17520.03887688985,2.937365010799136,11.377969762419006,7.357625760587565,-1.366700527998413
2,Julien,297,27.42794612794613,49.49%,4.414141414141414,4.653198653198653,6.882154882154882,0.6195286195286195,0.11447811447811448,0.49158249158249157,1.228956228956229,25.666666666666668,160052.17845117845,0.06%,197.13131313131314,0.07%,10985.353535353535,19130.026936026938,1297.037037037037,471.7098765432098,270.381593714927,5.723905723905724,5.63973063973064,1.6835016835016836,147.4747474747475,8785.703142536477,-165.24579124579125,25.834455667788987,-15.31986531986532,-0.5050505050505051,-0.5050505050505051,-1.6835016835016836,-101.66610549943876,-270.2020202020202,1855.7643097643097,0.8686868686868687,3.1414141414141414,7.225725670257678,-2.0339841344827936
3,Pobelter,249,28.024230254350734,48.19%,5.6305220883534135,5.092369477911647,6.248995983935743,1.0883534136546185,0.18473895582329317,0.4939759036144578,1.3172690763052208,29.819277108433734,181562.9919678715,0.07%,224.22088353413653,0.08%,12293.44578313253,19677.020080321287,1660.0321285140562,457.82898259705496,370.2744310575636,9.236947791164658,6.927710843373494,0.8032128514056225,148.19277108433735,9640.149598393575,-25.10843373493976,0.6639892904953206,87.28580990629185,1.8072289156626506,-3.5140562248995986,0.40160642570281124,682.8895582329317,729.9678714859438,27117.626506024095,4.7028112449799195,31.518072289156628,8.03642375981071,-1.6277115556948998
4,Tuesdayy,237,27.753305203938112,51.48%,6.362869198312236,5.485232067510548,7.046413502109704,0.6835443037974683,0.16033755274261605,0.4641350210970464,1.240506329113924,19.831223628691983,162496.13502109706,0.04%,191.72573839662448,0.07%,11799.156118143459,19275.628691983122,1856.2911392405063,500.7700421940928,277.41912798874824,8.016877637130802,12.869198312236287,0.4219409282700422,139.2405063291139,9004.127285513361,140.76793248945148,20.4957805907173,-10.921237693389587,0.0,7.2784810126582276,0.0,168.53516174402245,302.1054852320675,6824.53164556962,-4.831223628691983,3.2869198312236287,6.9393145271833045,-1.5441159764612717
5,Descraton,230,28.224782608695648,54.78%,5.839130434782609,4.504347826086956,7.091304347826087,0.8869565217391304,0.22608695652173913,0.5826086956521739,1.5043478260869565,19.704347826086956,203393.1695652174,0.06%,209.51739130434783,0.09%,12256.482608695653,21787.565217391304,1684.682608695652,496.9938405797101,320.7789855072463,11.304347826086957,11.847826086956522,1.3043478260869565,174.7826086956522,9554.78804347826,133.6695652173913,16.67391304347826,30.06521739130435,7.173913043478261,4.130434782608695,-0.8695652173913043,514.7739130434783,719.9652173913043,36429.01304347826,-5.48695652173913,14.556521739130435,7.456282875867944,-1.369368822852915
6,goldenglue,221,27.88182503770739,54.30%,6.497737556561086,4.728506787330317,6.773755656108597,0.9502262443438914,0.17647058823529413,0.5294117647058824,1.3755656108597285,28.380090497737555,175472.97285067872,0.07%,209.24886877828055,0.08%,12416.900452488688,18927.859728506788,1880.5067873303167,476.34502262443436,338.8235294117647,8.823529411764707,11.085972850678733,2.262443438914027,158.8235294117647,9540.22963800905,296.2307692307692,-3.7594268476621404,84.82654600301657,1.3574660633484164,8.597285067873303,0.45248868778280543,746.8242835595777,1148.10407239819,23487.108597285067,4.65158371040724,22.13574660633484,7.531263418457786,-0.9222110191348831
7,Anivia Kid,208,29.06722756410256,53.37%,5.947115384615385,4.3798076923076925,6.985576923076923,1.1057692307692308,0.21153846153846154,0.5721153846153846,1.2692307692307692,24.990384615384617,168959.3125,0.07%,222.1346153846154,0.05%,12781.783653846154,19506.83173076923,1700.3461538461538,487.2347756410257,359.12259615384613,10.576923076923077,9.615384615384615,0.9615384615384616,171.6346153846154,10042.291666666668,96.23076923076923,27.8790064102564,62.70432692307692,-1.4423076923076923,-11.899038461538462,0.0,569.9551282051283,734.7740384615385,20620.62019230769,-0.9423076923076923,17.16346153846154,7.6999037922076505,-1.3581302671934194
8,cloud mandate,198,28.33989898989899,53.03%,5.878787878787879,4.040404040404041,6.818181818181818,0.5909090909090909,0.13131313131313133,0.6111111111111112,1.4292929292929293,20.707070707070706,163211.28282828283,0.03%,201.7020202020202,0.11%,11775.5,19875.91919191919,1728.5,454.12289562289567,267.9166666666667,6.565656565656566,14.772727272727273,0.5050505050505051,183.33333333333334,9119.783670033668,224.40404040404042,23.143939393939394,-16.906565656565657,0.7575757575757576,9.343434343434344,0.5050505050505051,47.999999999999964,321.0656565656566,-16456.146464646463,-6.212121212121212,1.6262626262626263,7.171186919115394,-1.355816580750319
9,insanityxxx,170,28.405784313725487,54.12%,7.088235294117647,4.8352941176470585,7.0588235294117645,0.9705882352941176,0.21764705882352942,0.5588235294117647,1.4411764705882353,30.45294117647059,201241.11764705883,0.06%,211.52941176470588,0.13%,12715.158823529411,19585.817647058822,2065.7235294117645,491.86176470588236,332.36764705882354,10.882352941176471,6.323529411764706,0.5882352941176471,167.64705882352942,9639.764705882353,464.5470588235294,-23.26372549019608,36.19117647058824,6.176470588235294,-5.882352941176471,-4.117647058823529,519.4019607843138,1019.5235294117647,30635.04705882353,4.405882352941177,14.31764705882353,7.451166972696151,-1.0549800036637191
10, Sudzzi,165,28.342020202020198,52.73%,5.539393939393939,4.109090909090909,7.096969696969697,1.2787878787878788,0.15757575757575756,0.5393939393939394,1.2969696969696969,19.957575757575757,169575.47272727272,0.14%,209.0,0.11%,11827.09090909091,16814.27878787879,1624.2242424242424,463.4297979797979,379.9646464646465,7.878787878787879,11.363636363636363,0.0,161.8181818181818,9178.411616161618,75.55757575757576,39.2,103.24747474747477,-3.9393939393939394,5.757575757575758,-1.2121212121212122,204.22525252525264,444.6545454545454,19477.27878787879,-5.454545454545454,18.96969696969697,7.408584674536109,-1.4241046595699427
11,Isaac Marconis,162,28.505658436213988,59.88%,6.901234567901234,4.067901234567901,7.530864197530864,0.8765432098765432,0.19753086419753085,0.6049382716049383,1.4444444444444444,33.45679012345679,147481.5987654321,0.04%,205.14197530864197,0.09%,12487.537037037036,18167.617283950618,1930.0061728395062,561.0313786008231,343.261316872428,9.876543209876543,11.728395061728396,1.2345679012345678,181.4814814814815,9448.917181069959,458.34567901234567,90.11831275720164,102.66460905349793,5.864197530864198,5.246913580246914,0.6172839506172839,380.9269547325102,1090.0802469135801,11103.586419753086,8.376543209876543,11.154320987654321,7.26932942797207,-0.6119917273316988
12,Game1234,156,27.609722222222224,59.62%,6.166666666666667,4.916666666666667,6.846153846153846,0.9935897435897436,0.1858974358974359,0.5641025641025641,1.5064102564102564,27.557692307692307,157247.73076923078,0.03%,180.10256410256412,0.18%,11754.846153846154,19156.108974358973,1773.3846153846155,454.80021367521374,363.3974358974359,9.294871794871796,7.532051282051282,2.5641025641025643,169.23076923076923,8974.642094017094,141.87179487179486,-7.912927350427338,88.26388888888891,2.5641025641025643,0.16025641025641027,-0.6410256410256411,364.61057692307685,613.9166666666666,-11620.365384615385,2.7564102564102564,-6.794871794871795,6.535341796772011,-0.7232991407336129
13,Yassuo,152,27.153399122807016,44.08%,5.631578947368421,6.217105263157895,6.105263157894737,0.7236842105263158,0.17763157894736842,0.5657894736842105,1.1710526315789473,27.414473684210527,140434.3947368421,0.03%,186.69736842105263,0.11%,11270.730263157895,19530.592105263157,1661.342105263158,416.7094298245614,262.30263157894734,8.881578947368421,9.046052631578947,4.605263157894737,169.73684210526315,8738.106359649124,-36.328947368421055,-115.34923245614034,-17.428728070175445,3.289473684210526,3.125,3.9473684210526314,175.95559210526307,42.86842105263158,4863.111842105263,3.1710526315789473,8.927631578947368,6.863447566449526,-2.047809282842955
14,Chapanya,148,27.659572072072073,48.65%,6.918918918918919,4.966216216216216,6.702702702702703,0.668918918918919,0.12162162162162163,0.5337837837837838,1.2972972972972974,28.972972972972972,130182.70945945945,0.08%,178.88513513513513,0.10%,11729.351351351352,17771.952702702703,2029.4256756756756,481.37668918918916,275.15202702702703,6.081081081081081,14.02027027027027,0.6756756756756757,160.13513513513513,8762.484797297297,512.0405405405405,-31.8293918918919,-30.073198198198195,-1.6891891891891893,4.391891891891892,0.0,-254.53659909909902,234.79054054054055,-110.78378378378379,2.7837837837837838,-14.236486486486486,6.503823584606098,-1.4528469005464304
15,godrjsdnd,139,27.693764988009594,47.48%,5.338129496402877,5.338129496402877,6.330935251798561,0.7841726618705036,0.2446043165467626,0.5323741007194245,1.0935251798561152,24.057553956834532,134534.55395683454,0.09%,192.3021582733813,0.10%,11322.928057553956,19606.93525179856,1592.5035971223022,428.2547961630695,272.33812949640287,12.23021582733813,7.553956834532374,1.4388489208633093,159.71223021582733,8848.896282973623,-100.38129496402878,-51.84052757793764,-19.502398081534775,2.5179856115107913,0.7194244604316546,0.7194244604316546,-112.14628297362108,-262.6474820143885,312.2086330935252,-0.8345323741007195,0.02877697841726619,6.982169353387297,-2.116421121042774
16,LL Stylish,137,28.171167883211677,51.82%,7.248175182481752,4.788321167883212,4.635036496350365,1.0218978102189782,0.10218978102189781,0.48175182481751827,1.2408759124087592,22.861313868613138,148538.49635036496,0.06%,218.56204379562044,0.08%,12455.321167883212,17959.912408759123,2086.7518248175184,330.37652068126516,362.8710462287105,5.109489051094891,4.37956204379562,0.7299270072992701,144.52554744525548,9520.577250608274,547.6277372262774,-88.58941605839416,83.54014598540147,-2.5547445255474455,-8.75912408759124,-0.7299270072992701,781.1879562043796,1305.153284671533,6927.63503649635,-0.16058394160583941,33.14598540145985,7.719569425814804,-1.2774324850559686
17,Arcsecond,135,28.104074074074074,44.44%,6.340740740740741,4.288888888888889,5.266666666666667,0.8074074074074075,0.16296296296296298,0.4666666666666667,1.237037037037037,22.348148148148148,151081.64444444445,0.01%,212.76296296296297,0.07%,11946.6,19810.37037037037,1860.1555555555556,358.6962962962963,267.32716049382714,8.148148148148149,12.592592592592593,1.4814814814814814,140.0,9298.198765432098,291.5777777777778,-121.12098765432097,-60.58641975308641,-4.074074074074074,4.814814814814815,1.4814814814814814,43.21851851851858,119.75555555555556,-18976.555555555555,-1.4148148148148147,8.948148148148148,7.586424225728533,-2.309904604127761
18,Linsanity,134,27.345771144278604,50.00%,6.32089552238806,4.567164179104478,6.514925373134329,0.7761194029850746,0.08955223880597014,0.5223880597014925,1.0820895522388059,29.611940298507463,184434.9552238806,0.05%,210.3507462686567,0.08%,12019.335820895523,18718.328358208953,1811.0,465.8240049751244,319.86318407960204,4.477611940298507,4.291044776119403,0.746268656716418,156.71641791044777,9256.417288557215,299.3880597014925,17.94589552238806,61.62313432835822,-2.2388059701492535,-4.664179104477612,-2.985074626865672,513.0503731343284,906.7462686567164,30152.4776119403,5.850746268656716,21.917910447761194,7.71659667753404,-1.232644869476883
19,FaZe Alex Ich,124,29.34341397849462,54.03%,6.282258064516129,4.838709677419355,7.459677419354839,0.8306451612903226,0.16129032258064516,0.5161290322580645,1.4193548387096775,24.427419354838708,147214.40322580645,0.04%,207.91935483870967,0.09%,12538.475806451614,20863.129032258064,1817.8951612903227,524.6969086021506,321.3373655913978,8.064516129032258,18.14516129032258,0.8064516129032258,154.83870967741936,9692.691532258064,142.1290322580645,-14.698252688172031,69.92607526881721,2.0161290322580645,6.25,0.8064516129032258,311.4495967741935,513.0403225806451,3458.935483870968,-2.7419354838709675,7.911290322580645,7.128176939202634,-1.4129566781433136
20,Ablazeolive,124,28.789247311827957,49.19%,5.653225806451613,4.92741935483871,6.975806451612903,0.8951612903225806,0.1693548387096774,0.5645161290322581,1.185483870967742,27.612903225806452,184442.0483870968,0.08%,223.94354838709677,0.06%,12467.733870967742,19374.362903225807,1652.6935483870968,482.33064516129036,323.43413978494624,8.46774193548387,11.89516129032258,0.8064516129032258,169.3548387096774,9818.751344086022,-25.048387096774192,-12.44354838709678,33.38709677419355,2.4193548387096775,-0.20161290322580644,0.8064516129032258,619.2177419354839,606.0403225806451,19886.104838709678,0.9516129032258065,27.661290322580644,7.79199354233536,-1.627164164864172
21,EleJiggle,124,29.10725806451613,55.65%,6.153225806451613,5.717741935483871,8.620967741935484,0.6774193548387096,0.14516129032258066,0.5645161290322581,1.4112903225806452,27.806451612903224,161234.3306451613,0.05%,180.24193548387098,0.10%,11762.838709677419,16996.129032258064,1794.0564516129032,573.2829301075269,285.31586021505376,7.258064516129032,14.112903225806452,2.4193548387096775,169.3548387096774,8917.038306451612,-114.95161290322581,33.34744623655914,-30.45698924731184,-1.6129032258064515,2.0161290322580645,1.6129032258064515,-330.41465053763454,-425.94354838709677,2547.5241935483873,-1.25,-14.32258064516129,6.220826222689945,-1.688055070856683
22,Archhangel,122,27.94781420765027,52.46%,6.180327868852459,5.049180327868853,6.565573770491803,0.8770491803278688,0.1721311475409836,0.5491803278688525,1.1557377049180328,28.540983606557376,141664.68852459016,0.07%,208.71311475409837,0.06%,12048.983606557376,18546.67213114754,1804.967213114754,460.9016393442623,305.2322404371585,8.60655737704918,8.811475409836065,0.0,164.75409836065575,9295.710382513662,206.10655737704917,-41.17008196721311,10.170765027322409,-1.2295081967213115,3.4836065573770494,-1.639344262295082,294.8927595628414,490.28688524590166,7831.754098360656,3.9262295081967213,17.385245901639344,7.499987957913334,-1.6648311142049261
23,Annie Bot,113,29.447345132743365,47.79%,5.938053097345133,4.221238938053097,6.95575221238938,0.5132743362831859,0.13274336283185842,0.5752212389380531,1.247787610619469,25.991150442477878,121624.20353982301,0.01%,192.56637168141592,0.09%,11526.017699115044,15312.017699115044,1691.8938053097345,476.15486725663726,251.66666666666663,6.6371681415929205,17.920353982300885,0.0,172.56637168141592,8909.178466076695,-159.63716814159292,-11.527286135693231,-121.67404129793512,-0.8849557522123894,6.8584070796460175,-0.8849557522123894,-673.4535398230089,-966.5132743362832,-73831.93805309734,-0.4247787610619469,-16.495575221238937,6.586915679426457,-2.1145635049577365
24,Moriarty,113,28.61622418879056,52.21%,5.823008849557522,4.238938053097345,6.743362831858407,0.8407079646017699,0.12389380530973451,0.5132743362831859,1.2123893805309736,25.035398230088497,185988.69911504423,0.07%,195.3716814159292,0.09%,11823.026548672566,18708.94690265487,1716.274336283186,455.3392330383481,275.9587020648967,6.1946902654867255,5.530973451327434,0.0,153.98230088495575,9209.746312684365,195.18584070796462,-46.8886430678466,-47.80235988200589,1.3274336283185841,-2.8761061946902653,-1.7699115044247788,214.92109144542772,322.716814159292,24012.681415929204,-3.47787610619469,4.035398230088496,6.841167163152002,-1.5872990392252013
25,Skidoodleboppers,112,27.71994047619047,52.68%,6.991071428571429,5.535714285714286,6.053571428571429,1.0357142857142858,0.16964285714285715,0.5178571428571429,1.3660714285714286,26.116071428571427,162694.4107142857,0.10%,196.91964285714286,0.08%,12299.410714285714,20730.375,2092.0178571428573,448.390625,362.76785714285717,8.482142857142858,10.491071428571429,2.6785714285714284,155.35714285714286,9219.22544642857,354.25,-49.20535714285713,37.619047619047606,2.232142857142857,8.928571428571429,1.7857142857142858,420.8988095238097,771.1517857142857,-170.39285714285714,0.44642857142857145,9.151785714285714,7.1069829706246015,-1.4211166642670299
26,Acoldblazeolive,111,28.60705705705706,54.05%,6.306306306306307,4.585585585585585,6.63963963963964,0.7567567567567568,0.0990990990990991,0.5405405405405406,1.3513513513513513,26.61261261261261,201585.93693693692,0.05%,227.6936936936937,0.06%,12514.054054054053,19746.828828828828,1819.144144144144,452.51726726726724,307.13963963963965,4.954954954954955,8.558558558558559,1.8018018018018018,162.16216216216216,9757.775525525525,232.02702702702703,5.590090090090091,26.95195195195195,0.45045045045045046,-1.8018018018018018,0.9009009009009009,645.0975975975975,917.3243243243244,33092.44144144144,3.279279279279279,29.47747747747748,7.966368651567783,-1.4508919241750242
27,Hungry Like,110,27.65363636363636,57.27%,4.0181818181818185,4.709090909090909,9.9,0.38181818181818183,0.06363636363636363,0.4727272727272727,1.1,19.136363636363637,105038.61818181818,0.01%,160.77272727272728,0.05%,10477.445454545454,21917.2,1170.6363636363637,671.264393939394,230.4318181818182,3.1818181818181817,13.181818181818182,1.8181818181818181,141.8181818181818,8245.11287878788,-504.3,216.8681818181818,-54.73484848484849,-3.6363636363636362,2.272727272727273,0.9090909090909091,-750.2787878787876,-1084.7181818181818,-44787.954545454544,-8.927272727272728,-35.372727272727275,5.909234900001288,-1.6457542512088388
28,Strompest,109,28.31100917431192,44.95%,5.559633027522936,4.284403669724771,5.752293577981652,0.908256880733945,0.1559633027522936,0.5045871559633027,1.2935779816513762,32.00917431192661,176531.6605504587,0.08%,219.92660550458714,0.08%,12118.899082568807,18611.89908256881,1634.2477064220184,395.2897553516819,296.1697247706422,7.798165137614679,19.03669724770642,0.9174311926605505,151.37614678899084,9614.063455657491,52.57798165137615,-44.587920489296636,-23.18807339449541,-1.834862385321101,10.091743119266056,-0.9174311926605505,221.42737003058107,191.55045871559633,8573.51376146789,5.18348623853211,14.431192660550458,7.767809662218287,-1.9876825486864165
29,CLA Tuesday,107,28.498753894081002,56.07%,5.953271028037383,5.803738317757009,8.514018691588785,0.5887850467289719,0.11214953271028037,0.5794392523364486,1.2897196261682242,20.981308411214954,195202.10280373832,0.03%,203.57009345794393,0.11%,12110.392523364486,20927.1214953271,1763.5420560747664,598.7180685358255,273.6760124610592,5.607476635514018,3.2710280373831777,0.0,173.83177570093457,9291.746105919003,-45.45794392523364,41.745327102803714,-46.28504672897197,1.4018691588785046,-7.242990654205608,-2.803738317757009,341.69859813084105,305.4859813084112,21844.542056074766,-4.785046728971962,13.962616822429906,7.167423271792518,-1.6207051385980233
30,huhi,106,28.683962264150942,43.40%,5.59433962264151,4.452830188679245,7.169811320754717,0.7641509433962265,0.09433962264150944,0.5094339622641509,1.1132075471698113,28.59433962264151,200272.30188679244,0.05%,216.0943396226415,0.08%,12325.943396226416,19801.896226415094,1647.7924528301887,476.2751572327044,270.51100628930817,4.716981132075472,8.726415094339623,0.0,152.83018867924528,9765.091194968552,70.80188679245283,-16.470911949685526,-23.797169811320753,-4.245283018867925,-8.018867924528301,-5.660377358490566,358.3907232704402,337.0377358490566,20339.584905660377,3.8207547169811322,11.669811320754716,7.562084483609684,-1.747022449827347
31,always plan ahea,105,28.226666666666663,54.29%,5.59047619047619,4.666666666666667,7.523809523809524,0.8,0.2,0.5142857142857142,1.5523809523809524,22.752380952380953,164632.2857142857,0.08%,213.27619047619046,0.17%,12095.666666666666,21779.819047619047,1657.142857142857,534.7476190476191,330.3412698412699,10.0,10.714285714285714,1.9047619047619047,154.28571428571428,9396.53015873016,156.25714285714287,27.723015873015875,78.96031746031746,3.3333333333333335,1.4285714285714286,0.9523809523809523,498.4404761904762,752.8095238095239,-2674.038095238095,-2.419047619047619,26.114285714285714,7.588606768304474,-1.4977120473614483
32,PunOko,93,28.205555555555556,41.94%,5.408602150537634,4.849462365591398,5.688172043010753,0.8709677419354839,0.0967741935483871,0.3763440860215054,1.2258064516129032,36.25806451612903,153545.5483870968,0.09%,212.43010752688173,0.01%,11886.623655913978,19640.56989247312,1625.2903225806451,391.1317204301075,301.51433691756273,4.838709677419355,15.32258064516129,0.0,112.90322580645162,9435.622759856631,29.64516129032258,-120.13978494623656,9.928315412186365,-2.150537634408602,-0.26881720430107525,0.0,134.02867383512537,-13.473118279569892,11296.602150537634,10.946236559139784,11.32258064516129,7.532052708005796,-2.4055679024527
33,Titan Dweevil,93,28.4,50.54%,4.333333333333333,5.053763440860215,8.182795698924732,0.8817204301075269,0.21505376344086022,0.5913978494623656,1.6881720430107527,25.591397849462364,131853.8494623656,0.06%,179.8494623655914,0.05%,10962.043010752688,18011.279569892475,1326.6236559139784,566.2311827956988,328.6200716845878,10.75268817204301,14.24731182795699,7.526881720430108,177.41935483870967,8530.621863799284,-398.9247311827957,75.38082437275988,70.91397849462366,4.838709677419355,7.526881720430108,6.451612903225806,-551.0582437275987,-765.516129032258,-44480.82795698925,0.0967741935483871,-18.580645161290324,6.366228826257992,-1.7186444809183856
34,DarkWingsForSale,93,28.177956989247313,54.84%,5.720430107526882,3.924731182795699,5.956989247311828,0.9032258064516129,0.17204301075268819,0.5913978494623656,1.2903225806451613,33.935483870967744,152495.5698924731,0.04%,206.34408602150538,0.10%,11825.430107526881,18490.397849462366,1633.505376344086,392.4301075268818,280.0089605734767,8.602150537634408,9.946236559139784,5.376344086021505,177.41935483870967,9318.141577060933,190.33333333333334,-86.39247311827957,-39.30107526881721,3.225806451612903,-2.4193548387096775,4.301075268817204,199.46774193548387,307.9247311827957,-5893.623655913979,8.258064516129032,7.870967741935484,7.3550833293310145,-1.6921782247081432
35,Eitori,91,28.931868131868132,61.54%,6.142857142857143,3.1758241758241756,6.802197802197802,0.9560439560439561,0.18681318681318682,0.6813186813186813,1.4945054945054945,27.13186813186813,194042.2087912088,0.07%,217.63736263736263,0.08%,12555.978021978022,15868.010989010989,1770.7912087912089,452.07600732600724,330.96153846153845,9.340659340659341,15.934065934065934,1.098901098901099,204.3956043956044,9771.380036630037,155.15384615384616,93.54487179487178,74.53296703296704,4.395604395604396,0.0,1.098901098901099,408.58150183150195,790.054945054945,19350.835164835164,-1.6263736263736264,7.142857142857143,7.587193388868366,-0.5129243755215394
36,rovex,85,28.80137254901961,52.94%,5.623529411764705,4.729411764705882,7.4941176470588236,0.6941176470588235,0.2,0.6588235294117647,1.3294117647058823,22.529411764705884,241521.37647058823,0.04%,205.61176470588236,0.13%,12122.011764705883,18812.929411764704,1680.9882352941177,489.970588235294,289.99999999999994,10.0,16.764705882352942,5.882352941176471,197.64705882352942,9430.758823529412,117.98823529411764,2.7980392156862615,-27.93137254901961,0.5882352941176471,2.0588235294117645,4.705882352941177,95.1921568627453,244.81176470588235,58612.882352941175,-3.847058823529412,3.9058823529411764,7.1615391659456344,-1.7776514590363313
37,insanity,85,27.6443137254902,56.47%,6.376470588235295,4.647058823529412,6.341176470588235,1.1058823529411765,0.2,0.43529411764705883,1.1529411764705881,24.08235294117647,135996.71764705883,0.06%,187.18823529411765,0.14%,11522.8,18127.84705882353,1847.7411764705882,402.9529411764705,321.83333333333326,10.0,5.0,0.0,130.58823529411765,8804.684313725491,395.70588235294116,-40.920588235294126,40.0,3.5294117647058822,-5.882352941176471,-1.1764705882352942,12.661764705882364,343.91764705882355,6630.611764705883,1.0941176470588236,-1.3647058823529412,6.87321286396107,-1.6038966795639051
38,scarra,80,28.685208333333332,43.75%,5.1625,4.6375,6.8625,0.85,0.125,0.475,1.2875,26.5125,164380.0,0.07%,191.9,0.10%,11393.4125,18225.125,1459.4625,464.6854166666666,330.7916666666667,6.25,8.4375,2.5,142.5,8978.785416666668,-315.025,-59.94375000000002,9.843750000000018,-2.5,-9.375,2.5,-235.3249999999999,-636.075,493.0125,0.025,-4.6,6.722238376980246,-2.3958874077978973
39,Seranok,79,27.50717299578059,45.57%,6.0886075949367084,2.9240506329113924,5.329113924050633,0.6835443037974683,0.13924050632911392,0.4430379746835443,1.2784810126582278,25.88607594936709,247740.1012658228,0.08%,209.34177215189874,0.05%,11626.025316455696,15147.20253164557,1751.26582278481,376.60021097046416,237.6054852320675,6.962025316455696,11.39240506329114,2.5316455696202533,132.91139240506328,9106.756329113925,298.1012658227848,-26.087552742616044,-47.4789029535865,-3.1645569620253164,6.012658227848101,1.2658227848101267,-13.737341772151806,173.13924050632912,76355.89873417722,1.9493670886075949,3.0,7.625726016716937,-2.0189249489019674
40,Gamer Girl,78,28.247435897435896,47.44%,7.32051282051282,5.589743589743589,6.410256410256411,0.44871794871794873,0.08974358974358974,0.5,1.141025641025641,19.94871794871795,120778.6282051282,0.01%,182.47435897435898,0.08%,11434.692307692309,21913.102564102563,2051.269230769231,430.11965811965814,214.30555555555554,4.487179487179487,4.166666666666667,0.0,150.0,8580.34401709402,359.3076923076923,-59.22008547008547,-95.47008547008548,-5.769230769230769,-7.371794871794871,-2.5641025641025643,-358.6688034188036,-208.21794871794873,-28552.19230769231,-4.602564102564102,-8.794871794871796,6.503147994376679,-2.342642208569278
41,Chimonaa1,76,27.912061403508773,50.00%,4.894736842105263,3.4078947368421053,7.4868421052631575,0.6710526315789473,0.09210526315789473,0.5263157894736842,1.1578947368421053,25.38157894736842,163942.11842105264,0.03%,201.92105263157896,0.09%,11318.065789473685,17000.565789473683,1437.8815789473683,503.4100877192983,248.77192982456137,4.605263157894737,4.605263157894737,3.9473684210526314,157.89473684210526,8956.949561403508,-64.4342105263158,62.3157894736842,-79.13377192982456,-2.6315789473684212,-0.6578947368421053,3.9473684210526314,-53.15570175438608,-149.53947368421052,-65.30263157894737,-1.0921052631578947,8.236842105263158,7.259634836895171,-1.934706358876599
42,5fire,75,27.71933333333333,54.67%,5.826666666666667,4.746666666666667,6.733333333333333,0.9066666666666666,0.21333333333333335,0.44,1.4,23.64,186411.17333333334,0.08%,197.76,0.07%,11575.306666666667,18495.96,1680.7333333333333,453.06111111111113,344.12222222222226,10.666666666666666,12.333333333333334,2.6666666666666665,132.0,8939.723333333333,151.96,0.038888888888891415,45.93333333333333,6.0,4.666666666666667,0.0,188.49444444444458,361.0933333333333,30351.52,1.9333333333333333,9.293333333333333,7.180499516380779,-1.6501442410406697
43,Krmx,74,28.582657657657652,55.41%,7.337837837837838,3.189189189189189,5.662162162162162,0.9324324324324325,0.12162162162162163,0.6756756756756757,1.472972972972973,22.18918918918919,134335.13513513515,0.07%,205.3783783783784,0.08%,12169.77027027027,19131.054054054053,2129.7297297297296,369.445945945946,335.9684684684684,6.081081081081081,1.3513513513513513,1.3513513513513513,202.7027027027027,9123.13963963964,907.4324324324324,-65.94819819819818,51.17117117117118,-0.6756756756756757,-10.472972972972974,1.3513513513513513,-61.790540540540285,885.9324324324324,-30671.743243243243,-2.2162162162162162,1.972972972972973,7.23383126046582,-1.2140170988199002
44,CopyAndPaste,74,28.77297297297297,47.30%,5.405405405405405,4.837837837837838,6.986486486486487,0.9594594594594594,0.13513513513513514,0.581081081081081,1.3108108108108107,22.93243243243243,187073.35135135136,0.08%,203.85135135135135,0.09%,11807.68918918919,18799.486486486487,1592.4054054054054,459.7894144144144,311.9932432432432,6.756756756756757,10.135135135135135,0.0,174.32432432432432,9252.284909909911,-97.01351351351352,-3.313063063063075,-3.8513513513513575,-0.6756756756756757,-3.0405405405405403,-2.7027027027027026,-132.7409909909911,-219.01351351351352,16441.91891891892,-3.189189189189189,-2.472972972972973,7.070889323899078,-1.8981862825261053
45,Soligo,74,28.668018018018017,48.65%,6.337837837837838,3.175675675675676,6.6891891891891895,0.9594594594594594,0.13513513513513514,0.5945945945945946,1.3243243243243243,27.094594594594593,148250.8918918919,0.04%,208.3918918918919,0.01%,12019.094594594595,16432.675675675677,1854.2027027027027,452.4031531531531,330.27027027027026,6.756756756756757,0.6756756756756757,0.0,178.3783783783784,9196.407657657659,329.63513513513516,59.98536036036037,32.6463963963964,1.3513513513513513,-9.797297297297296,-4.054054054054054,122.57094594594595,532.3378378378378,-9435.783783783783,2.5945945945945947,10.0,7.2963387409275136,-1.154722909331928
46,dawolfsclaw,70,27.80952380952381,51.43%,5.671428571428572,5.171428571428572,7.785714285714286,0.7428571428571429,0.18571428571428572,0.38571428571428573,1.1571428571428573,33.05714285714286,148480.6,0.07%,194.64285714285714,0.04%,11484.2,15980.857142857143,1619.7714285714285,540.8428571428573,277.01190476190476,9.285714285714286,11.785714285714286,0.0,115.71428571428571,8909.788095238095,-108.94285714285714,54.503571428571426,25.952380952380953,1.4285714285714286,1.4285714285714286,-1.4285714285714286,104.08690476190473,8.457142857142857,5612.1,7.357142857142857,6.485714285714286,7.014551771970554,-1.5368614230357436
47,TwTv AlexIch,69,29.159661835748796,50.72%,4.782608695652174,4.36231884057971,6.782608695652174,0.6521739130434783,0.14492753623188406,0.5942028985507246,1.3333333333333333,19.391304347826086,212510.53623188406,0.00%,211.63768115942028,0.06%,11846.014492753624,19829.579710144928,1384.8695652173913,439.03864734299515,263.24879227053134,7.246376811594203,11.594202898550725,0.0,178.2608695652174,9561.756038647343,-87.15942028985508,14.543478260869541,-30.579710144927535,-1.4492753623188406,-7.246376811594203,-2.898550724637681,-29.22463768115946,-139.66666666666666,23643.855072463768,-6.3478260869565215,7.840579710144928,7.258079674805684,-2.1434097732989117
48,HighKeySavage,68,27.49387254901961,51.47%,6.8088235294117645,4.514705882352941,6.926470588235294,0.5735294117647058,0.08823529411764706,0.5441176470588235,1.1911764705882353,23.647058823529413,176030.41176470587,0.04%,201.23529411764707,0.13%,11874.808823529413,18320.08823529412,1950.8235294117646,497.48529411764696,245.34313725490193,4.411764705882353,5.147058823529412,1.4705882352941178,163.23529411764707,9006.892156862747,444.20588235294116,36.42524509803922,-20.710784313725487,-0.7352941176470589,-4.411764705882353,1.4705882352941178,109.49142156862736,565.7352941176471,2169.0588235294117,0.8823529411764706,10.720588235294118,7.380812147154012,-1.4889586006476765
49,RobbyBob,68,26.94019607843137,61.76%,6.25,4.411764705882353,6.514705882352941,0.7647058823529411,0.11764705882352941,0.6617647058823529,1.2941176470588236,22.955882352941178,192910.2794117647,0.03%,195.91176470588235,0.10%,11521.088235294117,17358.176470588234,1818.4264705882354,447.468137254902,298.52941176470586,5.882352941176471,11.029411764705882,0.0,198.52941176470588,8741.223039215685,289.9852941176471,68.61029411764706,11.973039215686269,-1.4705882352941178,6.617647058823529,-2.9411764705882355,77.16666666666656,538.1764705882352,31249.367647058825,1.6176470588235294,4.970588235294118,7.290797232202555,-1.1038715072601715
50,Sophist Sage,66,27.743686868686865,56.06%,6.181818181818182,4.803030303030303,6.924242424242424,0.8181818181818182,0.18181818181818182,0.5151515151515151,1.4090909090909092,22.257575757575758,157441.63636363635,0.02%,192.45454545454547,0.03%,11738.651515151516,19400.727272727272,1781.4848484848485,459.48863636363643,315.4797979797979,9.090909090909092,1.1363636363636365,1.5151515151515151,154.54545454545453,9015.910353535353,-41.96969696969697,-28.931818181818183,36.83080808080809,0.0,-7.575757575757576,0.0,446.96464646464636,387.1363636363636,-11954.10606060606,-1.5606060606060606,4.757575757575758,6.943410726388951,-1.251410831976702
51,BusioC,61,27.158196721311477,44.26%,7.0,4.19672131147541,5.655737704918033,0.47540983606557374,0.09836065573770492,0.3770491803278688,1.180327868852459,16.934426229508198,151030.0819672131,0.02%,168.37704918032787,0.08%,10768.688524590163,19451.803278688523,2027.5901639344263,358.2172131147541,217.30874316939892,4.918032786885246,0.819672131147541,0.0,113.11475409836065,8046.719945355191,493.21311475409834,-99.03278688524587,-81.29781420765026,-5.737704918032787,-5.737704918032787,-3.278688524590164,-728.226775956284,-474.3606557377049,2419.8852459016393,-5.622950819672131,-20.9672131147541,6.220795431371487,-2.5072528308741866
52,Urii,60,28.297777777777775,53.33%,5.333333333333333,3.8666666666666667,6.916666666666667,0.8,0.23333333333333334,0.5833333333333334,1.2833333333333334,28.566666666666666,217651.43333333332,0.00%,206.41666666666666,0.08%,11909.366666666667,18306.55,1570.3,447.6791666666667,309.65277777777777,11.666666666666666,10.0,0.0,175.0,9385.068055555555,-125.93333333333334,4.763888888888908,39.93055555555556,7.5,-11.666666666666666,-1.6666666666666667,397.3222222222221,345.25,49770.566666666666,4.083333333333333,9.633333333333333,7.375320157342639,-1.2904260580157032
53,GGS bobqin,59,27.998305084745763,45.76%,5.4576271186440675,4.864406779661017,6.745762711864407,0.7796610169491526,0.15254237288135594,0.423728813559322,1.1864406779661016,28.8135593220339,228655.81355932204,0.08%,207.3728813559322,0.03%,11786.93220338983,19758.949152542373,1601.0338983050847,499.75847457627117,337.6977401129943,7.627118644067797,1.271186440677966,0.0,127.11864406779661,9212.425141242938,5.813559322033898,40.639830508474574,60.9180790960452,4.237288135593221,-9.745762711864407,-1.694915254237288,250.00141242937855,304.40677966101697,70203.25423728813,3.7966101694915255,7.47457627118644,7.443599140876063,-1.8180174093020722
54,ZeroBlaze,59,29.512146892655366,57.63%,5.47457627118644,4.288135593220339,7.779661016949152,0.5932203389830508,0.23728813559322035,0.6949152542372882,1.2203389830508475,27.322033898305083,221633.22033898305,0.07%,212.64406779661016,0.10%,12239.42372881356,20227.406779661018,1602.864406779661,509.79661016949154,309.51977401129943,11.864406779661017,17.796610169491526,1.694915254237288,208.47457627118644,9577.412429378532,82.15254237288136,55.90960451977399,80.50847457627118,5.084745762711864,-4.661016949152542,1.694915254237288,21.15819209039546,282.52542372881356,22709.491525423728,1.0338983050847457,4.016949152542373,7.260127888856443,-1.4646429409385682
55,Tanner Damonte,59,26.399717514124287,38.98%,5.322033898305085,5.559322033898305,6.220338983050848,0.9491525423728814,0.13559322033898305,0.4067796610169492,1.0169491525423728,21.728813559322035,161250.7627118644,0.12%,207.88135593220338,0.05%,11552.237288135593,17615.169491525423,1582.2881355932204,490.5282485875706,321.17231638418076,6.779661016949152,4.661016949152542,0.0,122.03389830508475,9024.774011299436,-39.898305084745765,-3.46610169491526,-9.09604519774011,-1.694915254237288,2.9661016949152543,-3.389830508474576,501.07062146892673,446.49152542372883,30934.22033898305,-3.3728813559322033,29.1864406779661,7.903346703482392,-1.85347542143552
56,Quantum Fizzics,58,29.184482758620685,56.90%,8.258620689655173,3.8620689655172415,6.913793103448276,0.7586206896551724,0.15517241379310345,0.5862068965517241,1.4827586206896552,19.913793103448278,175090.5344827586,0.02%,216.74137931034483,0.09%,12767.068965517241,22112.48275862069,2377.2758620689656,426.9080459770115,275.8620689655172,7.758620689655173,6.4655172413793105,0.0,175.86206896551724,9496.936781609194,970.7241379310345,-63.303160919540225,23.189655172413794,2.586206896551724,-17.24137931034483,-1.7241379310344827,424.30316091954035,1348.8793103448277,25206.431034482757,-4.896551724137931,19.93103448275862,7.4191418003531195,-1.2592879538120267
57,rovex2,58,29.28965517241379,58.62%,5.482758620689655,4.758620689655173,8.637931034482758,0.6896551724137931,0.08620689655172414,0.6379310344827587,1.5689655172413792,24.551724137931036,218117.41379310345,0.02%,201.98275862068965,0.14%,12164.275862068966,19434.879310344826,1635.3275862068965,603.8477011494252,325.38793103448273,4.310344827586207,18.96551724137931,0.0,191.3793103448276,9385.057471264367,85.37931034482759,145.8778735632184,44.497126436781606,-1.7241379310344827,9.051724137931034,-1.7241379310344827,96.10775862068964,377.4655172413793,59329.84482758621,-1.9482758620689655,3.0517241379310347,6.917380421070257,-1.3891043614830594
58,Wazabiee,55,28.506363636363638,38.18%,6.163636363636364,5.2727272727272725,7.618181818181818,0.5454545454545454,0.09090909090909091,0.4727272727272727,1.3636363636363635,24.618181818181817,151707.58181818182,0.02%,188.0,0.13%,11412.89090909091,18457.345454545455,1787.6363636363637,538.6015151515152,248.30303030303028,4.545454545454546,11.363636363636363,0.0,141.8181818181818,8680.622727272726,171.36363636363637,46.865151515151524,-83.54545454545456,-5.454545454545454,5.0,-1.8181818181818181,-677.9560606060605,-583.7272727272727,-22068.6,0.21818181818181817,-15.309090909090909,6.612159237486341,-2.2857099523339097
59,dawolfsfang,54,28.448765432098767,59.26%,6.722222222222222,4.425925925925926,7.7407407407407405,0.7777777777777778,0.09259259259259259,0.5555555555555556,1.3703703703703705,31.22222222222222,190121.5185185185,0.07%,210.16666666666666,0.09%,12366.851851851852,17473.425925925927,1937.4814814814815,513.5061728395061,302.1759259259259,4.62962962962963,10.648148148148149,1.8518518518518519,166.66666666666666,9429.891975308641,345.5925925925926,-22.23919753086421,12.330246913580256,-1.8518518518518519,3.240740740740741,0.0,734.2422839506172,1071.3148148148148,22449.296296296296,7.092592592592593,28.833333333333332,7.432145469954849,-1.1029355105606606
60,Saiyans,54,26.498456790123456,48.15%,6.092592592592593,4.87037037037037,5.518518518518518,0.6296296296296297,0.12962962962962962,0.3888888888888889,1.2407407407407407,20.01851851851852,106720.48148148147,0.02%,163.8148148148148,0.11%,10483.24074074074,19312.462962962964,1701.7592592592594,393.53086419753083,254.13580246913577,6.481481481481482,3.7037037037037037,0.0,116.66666666666667,8006.962962962963,-50.98148148148148,-111.84876543209877,-36.851851851851855,-0.9259259259259259,-1.8518518518518519,-1.8518518518518519,-151.02160493827162,-360.8888888888889,-20220.555555555555,-1.3333333333333333,-15.185185185185185,6.1815921523632325,-1.898875861036629
61,Nugeek,53,27.487421383647803,62.26%,7.113207547169812,4.2075471698113205,7.037735849056604,0.9811320754716981,0.11320754716981132,0.6226415094339622,1.5849056603773586,22.169811320754718,132773.18867924527,0.02%,182.1509433962264,0.13%,11594.735849056604,15749.698113207547,1972.6792452830189,466.44968553459125,336.7295597484277,5.660377358490566,13.20754716981132,3.7735849056603774,186.79245283018867,8609.443396226416,519.6415094339623,34.94968553459118,107.15408805031447,0.9433962264150944,12.735849056603774,3.7735849056603774,-36.49999999999983,710.622641509434,-33860.03773584906,-0.9811320754716981,-12.132075471698114,6.640300037744048,-0.3566745776638001
62,Pekin Woof,52,27.773397435897433,59.62%,6.3076923076923075,4.0576923076923075,6.019230769230769,0.6730769230769231,0.19230769230769232,0.6153846153846154,1.2307692307692308,30.615384615384617,137994.96153846153,0.02%,199.71153846153845,0.04%,11731.98076923077,17589.80769230769,1807.673076923077,420.72435897435895,255.1282051282051,9.615384615384615,1.4423076923076923,0.0,184.6153846153846,9052.78205128205,322.9230769230769,20.55128205128204,8.814102564102562,7.6923076923076925,-10.576923076923077,-1.9230769230769231,88.86538461538461,494.03846153846155,6567.461538461538,8.038461538461538,4.173076923076923,7.218530948561847,-1.1488456060467471
63,Toxic Asol,51,28.951307189542483,45.10%,5.980392156862745,3.2549019607843137,7.117647058823529,0.6274509803921569,0.0784313725490196,0.5882352941176471,1.196078431372549,22.705882352941178,167723.21568627452,0.04%,217.84313725490196,0.16%,12086.901960784313,18793.62745098039,1763.5882352941176,471.28758169934633,221.33986928104574,3.9215686274509802,7.352941176470588,1.9607843137254901,176.47058823529412,9440.980392156862,182.50980392156862,40.341503267973835,-109.3954248366013,-6.862745098039215,-9.313725490196079,1.9607843137254901,-231.122549019608,-143.64705882352942,-20086.274509803923,-1.6666666666666667,0.7254901960784313,7.525118521820634,-2.065149804795875
64,Raimus,50,28.162999999999997,50.00%,4.84,4.26,6.46,1.02,0.14,0.4,1.28,27.06,146702.56,0.08%,201.42,0.06%,11426.26,16177.96,1437.34,466.225,304.76666666666665,7.0,1.5,0.0,120.0,9089.428333333333,-179.78,2.6449999999999987,39.883333333333326,2.0,-12.0,0.0,-103.44833333333322,-334.7,3189.84,-0.4,-2.28,7.209692215569922,-1.9762181884171097
65,Shady,50,26.795,44.00%,4.46,4.8,6.74,0.32,0.12,0.38,0.98,23.7,128864.96,0.00%,156.7,0.10%,10085.48,15258.92,1292.42,475.3433333333333,219.0,6.0,0.0,0.0,114.0,7978.716666666667,-413.06,55.36833333333333,-111.16666666666664,-5.0,-7.5,0.0,-586.1816666666666,-1103.54,-30631.34,-0.88,-30.24,5.828381709256315,-1.9608434359759934
