,SummonerName,LeagueName,GamesPlayed,AvgGameTime,WinRate,AvgKills,AvgDeaths,AvgAssists,AvgTowers,AvgInhibs,AvgBarons,AvgDrags,AvgVisionScore,AvgWardsPlaced,AvgWardsKilled,AvgDamageDealtToChamps,FirstTowerRate,AvgCS,FirstBloodKillRate,FirstBloodAssistRate,AvgGoldEarned,AvgDamageTaken,AvgKillGold,AvgAssistGold,AvgTowerGold,AvgInhibGold,AvgDragGold,AvgHeraldGold,AvgBaronGold,AvgCSGold,AvgKillGoldDiff,AvgAssistGoldDiff,AvgTowerGoldDiff,AvgInhibGoldDiff,AvgDragGoldDiff,AvgHeraldGoldDiff,AvgCSGoldDiff,AvgTotalGoldDiff,AvgDamageDealtDiff,AvgVisionDiff,AvgCSDiff,AvgCSPerMin,AvgPowerScore
0,MAD Uniboy,LMS Taiwan,42,38.169841269841264,42.86%,2.6666666666666665,1.8571428571428568,4.142857142857143,0.8095238095238095,0.14285714285714285,0.9523809523809524,1.6904761904761905,46.47619047619048,23.285714285714285,10.833333333333336,19038.0,0.05%,322.88095238095235,0.12%,0.00%,15187.595238095239,13639.285714285714,799.3809523809523,222.60912698412702,330.81349206349205,7.142857142857142,122.61904761904762,0.0,571.4285714285714,13133.60119047619,18.214285714285715,-15.609126984126988,-11.845238095238082,-5.9523809523809526,33.333333333333336,0.0,-490.3789682539682,-415.09523809523813,-757.047619047619,-3.4285714285714284,-13.285714285714285,8.524713329661969,0.012690977688845424
1,FW Maple,LMS Taiwan,34,33.90294117647059,85.29%,4.0,1.088235294117647,5.088235294117646,1.3823529411764706,0.5,1.1764705882352942,1.7647058823529411,48.0,25.823529411764714,10.588235294117649,19618.823529411766,0.06%,309.5,0.15%,0.00%,14878.0,12921.14705882353,1132.2941176470588,267.55147058823525,448.11274509803917,25.0,70.58823529411767,0.0,705.8823529411765,12228.571078431369,649.1764705882352,149.73284313725492,284.8774509803921,23.529411764705888,23.529411764705888,0.0,424.7132352941177,2032.0294117647054,4858.117647058823,4.588235294117646,-0.6176470588235294,9.14358064707274,4.0729812042154485
2,JT FoFo,LMS Taiwan,33,37.58989898989898,42.42%,3.0,1.5454545454545454,3.9696969696969697,0.9393939393939394,0.3333333333333333,0.7878787878787878,1.6363636363636365,41.96969696969697,19.484848484848484,9.636363636363637,20666.15151515152,0.03%,333.6363636363636,0.06%,0.00%,15259.151515151516,14004.87878787879,857.3636363636364,198.33333333333331,303.9141414141414,16.666666666666668,140.9090909090909,0.0,472.7272727272728,13269.237373737373,-93.1818181818182,-74.4722222222222,-18.88888888888888,-1.5151515151515151,56.06060606060606,-6.0606060606060606,25.542929292929497,-167.06060606060606,139.4848484848485,-11.787878787878787,-1.5757575757575757,8.911618760559428,-0.7503994801648891
3,M17 Apex,LMS Taiwan,36,39.2625,52.78%,2.5277777777777777,1.3888888888888888,4.166666666666667,0.7222222222222222,0.3055555555555556,0.8333333333333334,2.055555555555556,51.194444444444436,26.194444444444446,12.916666666666664,20046.05555555556,0.06%,342.8333333333333,0.08%,0.00%,15707.722222222224,15685.888888888889,751.9722222222223,226.96759259259258,329.69907407407413,15.277777777777779,144.44444444444446,0.0,500.0,13739.361111111111,-91.22222222222223,11.40509259259259,1.3657407407407365,2.7777777777777777,13.888888888888891,-5.5555555555555545,135.61805555555526,-81.72222222222223,81.69444444444444,2.4166666666666665,-1.0833333333333333,8.816935582431311,-0.17747276461650785
4,HKA Chawy,LMS Taiwan,28,36.11785714285715,35.71%,2.607142857142857,2.607142857142857,3.928571428571429,0.6071428571428571,0.07142857142857142,0.6785714285714286,1.8928571428571428,46.28571428571429,19.25,12.75,20720.0,0.00%,313.67857142857144,0.21%,0.00%,14274.285714285714,15012.357142857143,783.8928571428571,216.87797619047618,255.7142857142857,3.571428571428572,41.07142857142857,0.0,407.1428571428572,12566.014880952383,-162.25,-47.18154761904761,-73.75,-14.285714285714285,-35.714285714285715,0.0,-266.5684523809524,-642.6071428571429,3322.464285714286,2.4642857142857144,-3.571428571428572,8.701242169996735,-0.928094930666091
5,GRX Candy,LMS Taiwan,20,36.6825,60.00%,2.55,1.7,5.35,1.05,0.35,0.9,1.5,46.3,23.8,10.3,17421.85,0.05%,323.7,0.05%,0.00%,14941.45,13028.5,785.0,293.26666666666665,281.9166666666667,17.5,100.0,0.0,540.0,12923.766666666665,-23.9,68.46666666666667,-12.291666666666648,12.5,65.0,0.0,256.87500000000017,426.65,-473.85,1.6,3.05,8.802358223072396,0.9416825318370954
6,AFR CaiPi,LMS Taiwan,28,35.874404761904756,28.57%,2.571428571428572,2.1785714285714284,3.7857142857142856,0.75,0.17857142857142858,0.8214285714285714,1.25,46.78571428571429,22.892857142857146,12.714285714285715,18196.035714285714,0.07%,323.9642857142857,0.14%,0.00%,14274.035714285714,16803.535714285714,743.4285714285713,217.72023809523807,207.05357142857144,8.928571428571429,25.0,0.0,492.8571428571428,12579.047619047617,-387.1071428571428,-106.82738095238096,-184.19642857142856,-5.357142857142857,-110.71428571428572,0.0,-33.476190476190496,-999.1071428571428,-2568.75,1.5357142857142858,13.107142857142858,9.033752174735561,-2.796685535762438
7,ahq Wako,LMS Taiwan,15,39.66,40.00%,2.6,1.6666666666666667,3.8666666666666663,0.8666666666666667,0.2,1.0666666666666669,1.6666666666666667,57.13333333333333,27.13333333333333,18.4,20933.2,0.00%,379.53333333333336,0.33%,0.00%,16486.6,15239.0,744.5333333333333,209.63333333333333,304.72222222222223,10.0,106.66666666666669,13.333333333333336,640.0,14457.711111111108,-216.13333333333333,-43.06666666666667,-9.277777777777773,3.333333333333333,-26.66666666666667,13.333333333333336,274.6111111111112,76.13333333333334,583.0666666666667,1.5333333333333334,15.866666666666667,9.604569755819835,-0.3523863193541822
8,AFR CooN,LMS Taiwan,9,39.51481481481481,33.33%,2.0,2.4444444444444446,4.888888888888889,0.4444444444444444,0.0,0.5555555555555556,1.5555555555555556,52.0,25.88888888888889,13.666666666666664,19956.33333333333,0.00%,362.88888888888886,0.22%,0.00%,15296.777777777776,16516.222222222223,590.6666666666666,208.36111111111111,217.5,0.0,166.66666666666666,0.0,333.3333333333333,13780.250000000002,-702.8888888888888,0.4999999999999968,-127.6851851851852,-33.333333333333336,0.0,0.0,-882.4814814814818,-2345.8888888888887,-6800.666666666668,-5.0,-11.777777777777779,9.219221242971884,-2.7466266134382384
9,GRX Wuji,LMS Taiwan,16,36.115625,81.25%,3.8125,1.375,5.0625,1.0625,0.125,1.0625,2.125,52.4375,28.6875,12.8125,15732.125,0.06%,326.0625,0.19%,0.00%,15546.125,15018.9375,1115.375,258.94791666666663,346.19791666666674,6.25,68.75,12.5,637.5,13100.604166666668,453.0,95.52604166666664,128.125,-9.375,-65.625,12.5,479.72395833333337,1356.375,-4507.0,8.1875,7.0,9.092532953391661,2.5058514177795725
10,HKA Gear,LMS Taiwan,6,35.227777777777774,16.67%,2.333333333333333,1.8333333333333333,3.1666666666666665,0.16666666666666666,0.16666666666666666,0.3333333333333333,1.6666666666666667,39.333333333333336,20.83333333333333,12.5,18452.166666666668,0.00%,309.6666666666667,0.17%,0.00%,13435.333333333336,14967.333333333336,741.3333333333335,199.63888888888889,195.55555555555557,8.333333333333334,91.66666666666669,0.0,200.0,11998.805555555557,199.0,-130.63888888888889,-369.16666666666674,-16.666666666666668,8.333333333333334,0.0,-836.0277777777783,-1845.166666666667,-759.1666666666665,-11.166666666666664,-2.833333333333333,8.726273567575403,-3.3013619946132815
11,AHQ M1ssion,LMS Taiwan,4,36.004166666666656,50.00%,2.5,1.5,3.25,1.0,0.25,1.0,1.5,42.25,22.0,9.5,18397.0,0.00%,311.75,0.00%,0.00%,14122.75,14644.0,746.5,194.375,254.375,12.5,12.5,0.0,600.0,12302.5,62.5,35.791666666666686,-8.958333333333329,12.5,-125.0,0.0,-412.0833333333329,-285.25,2545.25,2.5,2.0,8.81229358307307,-0.23538108154547
12,AHQ Wako,LMS Taiwan,12,40.14027777777778,50.00%,2.6666666666666665,1.5833333333333333,5.0,1.5,0.5,0.9166666666666666,2.0,60.75,26.5,18.0,20111.75,0.17%,364.16666666666674,0.33%,0.00%,16459.25,14656.5,801.5,255.91666666666663,414.51388888888886,25.0,179.16666666666663,0.0,550.0,14233.152777777781,33.666666666666664,20.180555555555557,11.388888888888884,8.333333333333334,4.166666666666667,0.0,392.76388888888914,320.5,-2734.1666666666665,9.583333333333334,13.25,9.115235051808357,0.6123636167158921
13,GGS Hai,NA LCS,18,36.708333333333336,22.22%,1.8888888888888888,2.888888888888889,4.833333333333333,0.6666666666666666,0.1111111111111111,0.7222222222222222,1.2777777777777777,44.16666666666666,21.277777777777782,9.833333333333334,20627.666666666668,0.00%,307.3888888888889,0.06%,0.00%,13925.222222222224,18948.166666666668,591.0555555555555,259.5046296296297,264.537037037037,5.5555555555555545,66.66666666666667,0.0,433.33333333333326,12304.569444444443,-666.1666666666666,-14.152777777777775,-229.2592592592593,-11.111111111111109,-61.111111111111114,0.0,-1331.8657407407409,-2513.6666666666665,-2509.3888888888887,0.9444444444444444,-44.16666666666666,8.420027393211178,-2.6614859130284283
14,OPT PowerOfEvil,NA LCS,18,39.175,27.78%,3.7222222222222223,1.7777777777777777,3.2222222222222223,0.8888888888888888,0.1111111111111111,1.0,1.5,45.77777777777778,24.61111111111111,9.222222222222221,22969.277777777777,0.00%,363.27777777777777,0.28%,0.00%,16379.888888888889,13260.111111111111,1077.5555555555557,194.90740740740745,274.3055555555556,5.5555555555555545,91.66666666666669,0.0,600.0,14135.898148148148,148.66666666666666,-100.81481481481481,-110.2777777777778,-2.7777777777777777,-141.66666666666666,0.0,568.7037037037038,328.5,2860.777777777778,1.8333333333333333,21.722222222222218,9.256658135208312,-1.0098715866205972
15,TSM Bjergsen,NA LCS,24,38.31111111111111,58.33%,3.333333333333333,0.9583333333333334,4.583333333333333,1.7083333333333333,0.25,1.0,2.5,32.125,15.083333333333336,7.333333333333332,23701.625,0.08%,359.54166666666674,0.21%,0.00%,16481.708333333332,11132.041666666664,946.75,239.65972222222217,441.25,12.5,154.16666666666666,0.0,600.0,14087.381944444443,336.3333333333333,31.97916666666665,166.77083333333334,4.166666666666667,89.58333333333331,0.0,499.33333333333337,1128.1666666666667,5585.541666666668,-12.166666666666664,12.333333333333336,9.453800651278618,1.976639813046072
16,100 Ryu,NA LCS,27,38.474691358024685,59.26%,1.9629629629629632,1.7037037037037035,4.407407407407407,0.6296296296296297,0.1851851851851852,1.037037037037037,2.1111111111111107,53.77777777777778,25.074074074074073,12.962962962962965,17704.62962962963,0.00%,332.037037037037,0.11%,0.00%,14925.814814814818,15493.148148148148,568.1481481481483,225.9783950617284,271.57407407407396,9.25925925925926,74.07407407407408,0.0,622.2222222222222,13154.558641975307,-117.29629629629628,-9.5,-4.2901234567901225,5.5555555555555545,-107.4074074074074,0.0,-259.4320987654324,-425.7037037037037,-6582.148148148148,14.296296296296294,-11.370370370370368,8.683836362767579,-0.2842651028733022
17,FLY Fly,NA LCS,12,39.65972222222222,33.33%,1.8333333333333333,2.4166666666666665,5.0,0.8333333333333334,0.08333333333333333,1.0,1.75,42.083333333333336,19.416666666666668,8.5,22135.58333333333,0.00%,315.75,0.25%,0.00%,14558.166666666664,18617.25,591.5,239.00694444444443,259.2361111111111,4.166666666666667,129.16666666666666,0.0,600.0,12735.090277777781,-430.83333333333326,17.451388888888903,-211.73611111111111,-16.666666666666668,41.66666666666666,0.0,-1557.1319444444446,-2307.25,-1077.5833333333333,-10.583333333333334,-51.75,7.975933523438197,-1.5740460287081384
18,TL Pobelter,NA LCS,29,33.49195402298851,72.41%,3.0689655172413794,1.6896551724137931,5.241379310344827,1.6551724137931034,0.4482758620689655,0.9310344827586208,2.4827586206896552,45.6551724137931,19.55172413793104,11.10344827586207,17330.55172413793,0.10%,312.06896551724134,0.14%,0.00%,14515.793103448277,13877.241379310344,870.0689655172414,246.33333333333331,382.2413793103448,22.41379310344828,62.06896551724138,6.896551724137932,558.6206896551723,12367.149425287356,249.51724137931038,72.23563218390804,113.85057471264366,8.620689655172415,-10.344827586206897,6.896551724137932,707.1206896551724,1416.8620689655172,2938.4827586206898,11.20689655172414,10.89655172413793,9.239173202280098,2.4483377779347646
19,FOX Fenix,NA LCS,23,34.36376811594202,65.22%,3.565217391304348,1.826086956521739,4.782608695652174,1.173913043478261,0.21739130434782608,1.0,2.0434782608695654,30.608695652173914,12.73913043478261,7.434782608695652,22652.217391304344,0.00%,304.8695652173913,0.04%,0.00%,14540.478260869566,16805.478260869564,1013.8260869565216,283.4565217391304,366.19565217391306,10.869565217391305,73.91304347826087,0.0,600.0,12192.217391304348,202.0,5.264492753623185,100.79710144927532,2.1739130434782608,4.3478260869565215,-8.695652173913043,580.5471014492754,1042.9565217391305,4173.347826086957,-4.043478260869565,16.608695652173914,8.969298697689698,0.5864999278216014
20,CLG huhi,NA LCS,17,38.74509803921568,35.29%,2.7058823529411766,2.4705882352941178,5.294117647058823,0.5882352941176471,0.0,0.5882352941176471,1.7058823529411764,48.647058823529406,20.94117647058824,9.764705882352944,25392.29411764706,0.00%,336.1764705882353,0.35%,0.00%,15113.294117647061,16134.05882352941,901.9411764705884,259.46568627450984,221.22549019607845,0.0,182.35294117647058,0.0,352.94117647058823,13195.367647058823,-133.88235294117646,-54.27450980392157,-148.1862745098039,-17.647058823529417,85.29411764705883,0.0,-624.833333333333,-1387.6470588235293,-780.7058823529413,7.529411764705883,-15.941176470588234,8.661663186068905,-1.722321605878127
21,C9 Jensen,NA LCS,23,37.18260869565218,52.17%,3.217391304347826,1.1304347826086956,4.826086956521738,0.9565217391304348,0.21739130434782608,0.9565217391304348,1.7826086956521738,36.130434782608695,14.08695652173913,9.391304347826088,20368.17391304348,0.09%,352.3478260869565,0.13%,0.00%,15770.434782608696,13641.82608695652,936.1739130434784,255.43115942028987,413.0797101449276,10.869565217391305,93.47826086956522,0.0,573.9130434782609,13487.48913043478,51.56521739130435,54.46739130434784,106.3768115942029,0.0,-2.1739130434782608,0.0,565.4601449275359,906.1304347826087,694.1304347826087,-6.173913043478262,22.65217391304348,9.53996317809574,0.9930028975147679
22,CG Febiven,NA LCS,32,36.66979166666667,50.00%,2.84375,1.125,3.625,1.40625,0.1875,0.90625,1.96875,41.0625,17.34375,7.03125,18476.0,0.16%,332.21875,0.12%,0.00%,14817.0,11807.5,832.8125,198.8645833333333,377.00520833333326,9.375,132.8125,0.0,543.75,12722.380208333336,96.5,-14.187499999999998,65.4427083333333,3.125,85.9375,0.0,-122.22395833333307,208.34375,-1409.90625,-2.28125,5.15625,9.078327608685171,0.03089891669387798
23,FLY Keane,NA LCS,6,39.47222222222222,33.33%,2.333333333333333,3.333333333333333,4.166666666666667,0.16666666666666666,0.3333333333333333,0.8333333333333334,1.5,27.83333333333333,12.666666666666664,8.166666666666666,20269.666666666668,0.00%,328.6666666666667,0.00%,0.00%,14902.0,19736.83333333333,757.0,200.19444444444443,132.5,16.666666666666668,100.0,0.0,500.0,13195.638888888892,-546.0,-122.7777777777778,-361.66666666666674,16.666666666666668,-175.0,0.0,-1074.3888888888885,-2563.1666666666665,-10337.166666666666,-19.166666666666668,-17.833333333333332,8.340064900282718,-4.1829557540998
24,UOL Exileh,EU LCS,18,38.89537037037037,33.33%,3.1666666666666665,2.833333333333333,4.166666666666667,1.1666666666666667,0.16666666666666666,0.8888888888888888,2.055555555555556,39.388888888888886,21.66666666666667,8.944444444444445,23882.66666666667,0.17%,346.0555555555556,0.17%,0.00%,15858.555555555557,22189.277777777777,954.1111111111113,214.09722222222226,346.2962962962963,8.333333333333334,116.66666666666669,0.0,533.3333333333334,13685.717592592593,86.33333333333331,-63.90277777777778,8.749999999999996,0.0,25.0,0.0,339.65277777777777,295.8333333333333,1738.7777777777776,-4.388888888888889,14.555555555555555,8.779299101478307,-1.2917812664917436
25,S04 Nukeduck,EU LCS,18,37.69814814814815,38.89%,2.7777777777777777,1.5555555555555556,3.7222222222222223,1.0555555555555556,0.3888888888888889,0.7222222222222222,1.6666666666666667,41.77777777777778,18.944444444444443,10.0,22592.777777777777,0.00%,342.1111111111111,0.11%,0.00%,15043.333333333336,13939.5,829.4444444444445,200.76388888888889,267.8703703703704,19.444444444444443,86.1111111111111,0.0,433.33333333333326,13206.365740740739,101.11111111111113,-5.907407407407423,-112.5,2.7777777777777777,-27.777777777777782,0.0,-88.425925925926,-297.3888888888889,1443.888888888889,0.3333333333333333,15.611111111111109,9.115862277408153,-0.8246814403501131
26,FNC Caps,EU LCS,25,37.876,80.00%,3.76,1.76,5.0,1.96,0.68,1.04,2.12,40.44,17.56,10.0,26049.28,0.08%,343.92,0.08%,0.00%,16575.48,19326.56,1075.04,246.17000000000004,537.3666666666667,34.0,166.0,0.0,624.0,13892.903333333335,432.24,42.96000000000002,218.76666666666668,32.0,82.0,0.0,1012.1133333333332,1964.08,4584.72,4.52,23.12,9.098136937931276,2.034961927698589
27,H2K Caedrel,EU LCS,5,34.64666666666666,20.00%,1.0,1.4,2.2,0.2,0.0,0.6,0.6,34.8,16.2,8.8,14470.0,0.00%,302.6,0.00%,0.00%,12540.6,15524.2,294.8,111.71666666666664,201.66666666666663,0.0,100.0,0.0,360.0,11472.416666666668,-468.0,-77.88333333333331,-322.66666666666663,-10.0,90.0,0.0,-1926.85,-2955.4,-9227.6,1.0,-33.0,8.76895225094712,-3.845806371232149
28,GIA Betsy,EU LCS,18,35.447222222222216,38.89%,2.6111111111111107,2.333333333333333,3.888888888888889,1.1111111111111112,0.1111111111111111,0.7222222222222222,1.3888888888888888,34.111111111111114,15.111111111111109,8.277777777777779,20723.88888888889,0.00%,312.6111111111111,0.06%,0.00%,14340.888888888889,16928.55555555556,776.7777777777777,220.49074074074073,293.7037037037037,5.5555555555555545,63.88888888888889,0.0,433.33333333333326,12547.138888888889,-188.55555555555557,-52.39351851851853,11.712962962962944,-5.5555555555555545,63.88888888888889,0.0,-215.20833333333286,-386.11111111111114,-473.88888888888886,-6.666666666666668,-8.0,8.90966180248798,-1.0567526557286873
29,ROC Blanc,EU LCS,21,39.078571428571436,38.10%,2.952380952380953,1.619047619047619,3.571428571428572,1.1428571428571428,0.5714285714285714,0.9047619047619048,1.380952380952381,46.76190476190475,21.952380952380953,9.238095238095235,20487.14285714286,0.05%,360.61904761904765,0.29%,0.00%,16165.095238095239,15997.857142857143,872.6666666666665,186.13095238095238,345.0,28.57142857142857,147.61904761904762,0.0,542.8571428571429,14042.25,-152.66666666666666,7.432539682539691,-87.8174603174603,16.666666666666668,42.857142857142854,0.0,-230.51984126984115,-518.3333333333334,-3382.190476190476,2.6666666666666665,-7.952380952380952,9.22689247409341,-0.9307403763659376
30,SPY Nisqy,EU LCS,31,37.91666666666668,58.06%,3.129032258064516,1.3225806451612905,3.548387096774193,1.2258064516129032,0.1935483870967742,0.9032258064516128,1.7741935483870968,44.774193548387096,22.41935483870968,10.129032258064516,17976.74193548387,0.06%,338.6129032258065,0.13%,0.00%,15686.387096774191,14661.548387096775,905.2258064516127,193.04301075268813,417.7150537634408,9.677419354838712,74.19354838709677,6.451612903225807,503.22580645161287,13576.854838709676,205.93548387096772,29.798387096774203,95.80645161290323,-6.451612903225807,-79.03225806451613,6.451612903225807,74.87903225806446,153.19354838709674,-1158.6451612903227,-1.064516129032258,-6.32258064516129,8.975523533081073,0.5322408195486147
31,VIT Jiizuke,EU LCS,31,35.86666666666668,48.39%,2.806451612903226,2.419354838709677,3.7741935483870965,1.1612903225806452,0.16129032258064516,0.8709677419354839,2.032258064516129,45.58064516129032,22.967741935483872,8.64516129032258,21674.032258064515,0.16%,306.77419354838713,0.03%,0.00%,14600.064516129034,16314.645161290322,815.8709677419354,224.84677419354838,370.2688172043012,8.064516129032258,98.38709677419355,0.0,580.6451612903227,12501.981182795704,-241.54838709677418,-8.236559139784946,-20.456989247311817,-11.290322580645164,-1.6129032258064515,-6.451612903225807,-92.20967741935492,-304.3870967741936,2640.0967741935488,6.67741935483871,-6.612903225806452,8.500736348238652,-0.7206959247550024
32,G2 Perkz,EU LCS,26,40.23205128205128,57.69%,3.1923076923076925,2.0,4.961538461538462,1.3076923076923077,0.2307692307692308,1.1153846153846154,2.1538461538461537,44.0,17.346153846153847,12.153846153846152,24648.115384615387,0.04%,359.26923076923083,0.04%,0.00%,16777.73076923077,19172.115384615383,911.3846153846154,235.65064102564102,450.801282051282,11.538461538461537,107.69230769230771,0.0,669.2307692307693,14391.43269230769,-0.3076923076923077,32.87820512820511,105.03205128205127,-15.384615384615385,-94.23076923076924,0.0,445.7435897435895,542.9615384615385,1141.1538461538462,-0.6538461538461539,4.461538461538462,8.960751622138273,0.8304033906591355
33,MSF Sencux,EU LCS,18,39.029629629629625,44.44%,2.9444444444444446,1.7777777777777777,4.722222222222221,0.7777777777777778,0.1111111111111111,1.1111111111111112,2.2222222222222223,36.333333333333336,16.833333333333332,8.5,19911.55555555556,0.06%,318.6111111111111,0.28%,0.00%,14867.722222222224,16275.0,799.4444444444445,235.59722222222226,257.5462962962963,5.5555555555555545,147.22222222222226,0.0,666.6666666666666,12755.689814814814,-48.555555555555564,40.02777777777776,-226.15740740740742,-19.444444444444443,55.555555555555564,0.0,-1686.8703703703702,-1752.111111111111,-3686.388888888889,-7.4444444444444455,-44.944444444444436,8.282856333958426,-0.38623353679117534
34,H2K Selfie,EU LCS,17,37.39411764705883,52.94%,2.647058823529412,1.6470588235294117,4.352941176470588,1.1176470588235294,0.4117647058823529,1.1764705882352942,1.2352941176470589,41.647058823529406,16.823529411764707,10.882352941176471,20794.41176470588,0.00%,346.4117647058823,0.06%,0.00%,15822.117647058823,16668.29411764706,773.4117647058823,199.828431372549,298.28431372549016,20.58823529411765,91.17647058823529,0.0,705.8823529411765,13732.946078431369,-191.41176470588238,-52.04411764705881,-79.46078431372553,14.705882352941178,-32.35294117647059,0.0,460.91666666666674,332.11764705882354,-3261.8823529411766,-0.2352941176470588,26.411764705882355,9.219824548678119,-0.6804504814178034
35,AFs Kuro,LCK - Champions Korea ,48,37.61319444444445,64.58%,2.5,1.3958333333333333,4.333333333333333,1.1666666666666667,0.25,1.2708333333333333,2.083333333333333,58.5625,27.33333333333333,15.6875,18236.729166666668,0.08%,348.0,0.15%,0.00%,15795.3125,14626.770833333336,736.7083333333335,229.62673611111111,349.34027777777777,12.5,109.375,4.166666666666667,762.5,13591.095486111108,136.66666666666666,60.9375,111.80555555555559,7.291666666666668,64.58333333333333,4.166666666666667,-128.3263888888889,682.125,702.5416666666665,13.791666666666664,-9.583333333333334,9.2959785543518,2.006617496834441
36,KSV Crown,LCK - Champions Korea ,46,38.19963768115942,47.83%,1.6521739130434785,2.347826086956522,3.934782608695652,0.6521739130434783,0.15217391304347827,0.5652173913043478,1.8695652173913044,52.17391304347826,26.32608695652174,12.521739130434785,19320.52173913044,0.07%,335.10869565217394,0.11%,0.00%,14654.32608695652,14048.282608695652,509.7391304347826,221.3532608695652,266.6123188405797,7.608695652173912,82.6086956521739,0.0,339.1304347826087,13227.273550724638,-273.8695652173913,-49.29710144927536,-141.3768115942029,-11.956521739130435,-13.043478260869565,0.0,-371.69565217391295,-1148.195652173913,-473.3043478260869,0.7826086956521741,-6.652173913043479,8.817494943975225,-1.7943163468243528
37,KZ Bdd,LCK - Champions Korea ,43,36.833720930232566,81.40%,3.13953488372093,1.162790697674419,5.906976744186046,1.372093023255814,0.32558139534883723,1.2325581395348837,2.581395348837209,42.34883720930232,24.534883720930228,8.86046511627907,17127.79069767442,0.07%,344.18604651162786,0.16%,0.00%,15953.837209302326,13112.06976744186,906.3488372093024,307.7248062015504,490.60077519379854,16.27906976744186,122.09302325581396,0.0,739.5348837209302,13371.255813953489,273.093023255814,140.77906976744185,332.7519379844961,6.9767441860465125,37.2093023255814,-4.651162790697675,361.91085271317843,1608.5348837209306,-27.27906976744186,-1.7906976744186047,4.906976744186046,9.348595588168193,3.201745871372608
38,ROX Lava,LCK - Champions Korea ,40,37.61541666666667,52.50%,3.325,2.025,4.25,1.125,0.375,0.875,1.975,46.175,23.0,11.425,21673.75,0.12%,327.05,0.23%,0.00%,15327.525,16028.0,965.75,241.22083333333333,422.125,18.75,82.5,0.0,525.0,13072.179166666665,233.85,-35.48333333333332,107.64583333333331,2.5,-7.5,0.0,-149.31250000000014,136.7,2429.125,2.9,-11.675,8.72007653241273,0.28263371281094696
39,SKT Faker,LCK - Champions Korea ,51,38.47385620915033,50.98%,2.8823529411764706,1.9019607843137252,4.705882352941177,1.156862745098039,0.35294117647058826,0.8823529411764706,2.2549019607843137,51.529411764705884,23.588235294117645,13.0,20555.50980392157,0.04%,356.68627450980387,0.06%,0.00%,16228.411764705883,17960.098039215685,810.1176470588235,249.41830065359474,310.03267973856214,17.647058823529417,159.80392156862746,11.764705882352944,529.4117647058823,14140.215686274512,210.50980392156865,19.441176470588246,-25.66993464052287,9.803921568627453,67.64705882352939,11.764705882352944,795.0718954248367,1088.5686274509803,487.62745098039215,0.4509803921568628,16.862745098039216,9.325273277926627,0.6649898869850711
40,bbq Tempt,LCK - Champions Korea ,42,39.2047619047619,38.10%,2.5,1.619047619047619,3.809523809523809,1.119047619047619,0.42857142857142855,1.0476190476190477,1.4285714285714286,48.30952380952381,24.761904761904763,11.285714285714285,21137.809523809523,0.00%,362.90476190476187,0.10%,0.00%,16093.904761904761,14338.952380952383,708.2857142857142,204.7936507936508,307.71825396825403,21.428571428571427,111.90476190476191,0.0,628.5714285714286,14111.202380952378,-35.0,23.08134920634921,-58.47222222222224,2.380952380952381,-4.761904761904762,0.0,-64.56150793650812,5.523809523809524,1790.9761904761906,-3.8571428571428568,2.5,9.363091460719664,0.026097905556197242
41,JAG Justice,LCK - Champions Korea ,8,48.28958333333334,37.50%,2.125,1.625,4.625,0.5,0.25,0.75,1.0,61.75,34.625,20.375,18992.375,0.00%,409.75,0.38%,0.00%,18043.75,17898.125,673.0,217.875,189.6875,12.5,62.5,0.0,450.0,16438.1875,-162.5,-36.37500000000001,-405.4166666666666,-37.5,-575.0,-25.0,-1111.458333333333,-3103.25,-7551.75,-6.375,-22.875,8.597965831658504,-3.2673173054483566
42,MVP Ian,LCK - Champions Korea ,52,36.96314102564103,36.54%,2.0769230769230766,1.6538461538461535,3.4423076923076925,1.0192307692307692,0.3269230769230769,0.7115384615384616,1.9807692307692308,48.80769230769231,25.09615384615385,12.846153846153848,18622.365384615383,0.06%,331.25,0.15%,0.00%,14527.384615384617,13918.557692307693,653.6538461538463,189.09935897435886,301.81089743589735,16.346153846153847,91.34615384615385,7.6923076923076925,426.92307692307685,12840.512820512822,-191.03846153846158,-59.96634615384614,-55.1923076923077,-0.9615384615384616,-40.384615384615394,3.8461538461538463,-204.78365384615398,-790.7884615384614,-1908.7307692307693,3.9230769230769234,0.038461538461538464,9.037385271516275,-1.427727867675815
43,KT PawN,LCK - Champions Korea ,29,38.429885057471274,62.07%,2.586206896551724,1.6551724137931034,4.862068965517241,1.2413793103448276,0.4827586206896552,0.8275862068965517,2.0,50.10344827586207,24.03448275862069,14.241379310344827,20670.206896551725,0.07%,354.10344827586215,0.14%,0.00%,16105.48275862069,12733.310344827589,776.0689655172414,234.02586206896552,430.7183908045977,24.13793103448276,122.41379310344827,0.0,496.55172413793116,14021.566091954024,32.06896551724138,10.7413793103448,120.97701149425285,10.344827586206897,68.96551724137932,-6.896551724137932,468.10919540229895,725.0,445.7241379310345,4.931034482758621,10.79310344827586,9.210244349945985,1.234304442726305
44,JAG Grace,LCK - Champions Korea ,34,39.07303921568627,41.18%,2.764705882352941,1.8529411764705883,4.529411764705882,0.7058823529411765,0.2058823529411765,0.7941176470588235,2.088235294117647,39.911764705882355,21.352941176470583,9.0,22096.88235294117,0.00%,362.2647058823529,0.06%,0.00%,15916.05882352941,14678.235294117649,811.7352941176471,228.50245098039213,295.63725490196083,10.294117647058824,122.05882352941177,0.0,476.47058823529403,13971.360294117649,-97.02941176470587,7.8799019607843075,-100.75980392156865,-10.294117647058824,-16.176470588235293,0.0,196.37990196078445,-143.52941176470586,864.7647058823529,-7.735294117647059,10.617647058823527,9.286042430163064,-0.5674994955435553
45,KDM Edge,LCK - Champions Korea ,51,37.470261437908505,25.49%,2.313725490196078,2.0,3.2352941176470584,0.6666666666666666,0.19607843137254904,0.6274509803921569,1.2352941176470589,38.13725490196079,21.94117647058824,8.784313725490197,17539.313725490196,0.02%,323.15686274509807,0.06%,0.00%,14204.196078431372,14484.94117647059,683.9215686274508,172.11928104575162,230.32679738562092,9.803921568627453,82.3529411764706,0.0,376.47058823529403,12649.200980392156,-281.0588235294117,-93.96405228758171,-233.38235294117646,-7.84313725490196,-25.490196078431374,-3.92156862745098,-875.59477124183,-1780.0784313725492,-1483.0,-11.0,-18.686274509803926,8.680624349230149,-2.6945092895659157
46, JAG Grace,LCK - Champions Korea ,2,35.40833333333333,100.00%,2.5,1.5,1.5,0.5,0.5,1.5,3.0,42.5,24.0,12.0,16628.0,0.00%,333.5,0.00%,0.00%,15149.5,18116.0,675.0,81.25,260.0,25.0,275.0,0.0,900.0,12933.25,88.0,-52.58333333333332,250.0,25.0,275.0,0.0,134.08333333333306,1619.5,-4749.5,2.5,-33.0,9.337855972378634,1.9331669696142209
47,KT Ucal,LCK - Champions Korea ,20,33.29583333333333,65.00%,2.5,1.35,4.0,1.35,0.0,0.75,2.4,37.95,19.5,7.05,14558.9,0.10%,311.15,0.10%,0.00%,13852.45,11530.35,692.4,211.27916666666667,387.375,0.0,7.5,0.0,450.0,12103.895833333332,256.8,14.637500000000005,205.66666666666669,-2.5,2.5,-10.0,582.7458333333333,1169.85,885.05,0.25,10.9,9.350192819017604,1.252768949758539
48,ROX Kuzan,LCK - Champions Korea ,2,36.316666666666656,0.00%,0.0,3.5,0.5,0.5,0.0,0.5,0.5,50.0,24.0,16.5,13290.0,0.50%,328.0,0.00%,0.00%,13129.0,15702.5,0.0,75.0,197.5,0.0,0.0,0.0,300.0,12556.5,-1175.0,-179.875,-306.25,0.0,-300.0,0.0,-2329.875,-4591.0,-10622.0,10.5,-35.0,8.754427390791028,-6.654103137560389
49,EEW SSUN,LCK - Champions Korea ,6,39.24166666666667,33.33%,1.8333333333333333,2.1666666666666665,3.5,0.5,0.16666666666666666,0.5,1.3333333333333333,39.5,25.83333333333333,7.666666666666668,17735.166666666668,0.00%,362.16666666666674,0.00%,0.00%,15285.166666666664,15881.5,557.0,166.19444444444446,198.33333333333331,8.333333333333334,83.33333333333333,0.0,300.0,13971.972222222219,-245.0,-107.81944444444444,-97.2222222222222,0.0,0.0,0.0,876.7083333333335,26.66666666666667,765.0,-10.166666666666666,48.5,9.158723947571618,-2.8882512440305432
50,FIN Rather,LCK - Champions Korea ,6,33.111111111111114,83.33%,2.833333333333333,1.0,5.166666666666667,0.5,0.0,0.8333333333333334,1.5,36.5,12.0,8.166666666666666,11535.666666666664,0.00%,327.5,0.00%,0.00%,14411.833333333336,12755.0,761.6666666666665,278.7361111111111,257.2222222222222,0.0,8.333333333333334,0.0,500.0,12605.875,353.33333333333326,198.11111111111111,133.88888888888889,0.0,-83.33333333333333,0.0,1208.4999999999998,2110.5,-1101.1666666666667,-6.666666666666668,24.0,9.904937337732887,2.973679452199946
51,AFB MoonBlack,LMS Taiwan,5,30.49333333333333,60.00%,3.2,2.2,5.4,0.8,0.2,0.6,1.4,31.8,17.8,6.6,14712.4,0.00%,268.0,0.00%,0.00%,13089.8,15613.2,928.4,350.56666666666666,333.83333333333337,10.0,20.0,0.0,360.0,11087.0,-29.2,13.233333333333325,41.33333333333335,10.0,20.0,0.0,358.6333333333332,174.0,-159.0,-4.2,-10.4,8.80084877041481,-0.18661406507680064
52,FOX Damonte,NA LCS,3,39.888888888888886,33.33%,2.6666666666666665,2.0,4.666666666666667,0.6666666666666666,0.0,0.3333333333333333,2.0,43.33333333333334,22.0,9.666666666666666,18488.666666666668,0.00%,328.0,0.33%,0.00%,15427.0,14952.666666666664,806.6666666666665,271.1111111111111,173.33333333333337,0.0,333.3333333333333,0.0,200.0,13642.555555555557,-341.3333333333333,-2.1111111111111334,-235.27777777777771,0.0,333.3333333333333,0.0,519.3888888888887,-726.0,-8828.333333333334,-15.666666666666664,10.0,8.143411547922671,-2.0229744689749416
